,City,Cloudiness,Country,Date,Humidity,Lat,Lng,Max Temp,Wind Speed,Max Temp CÂ°
0,hilo,75,US,1554164119,61,19.71,-155.08,300.15,3.6,148.97222222222223
1,vardo,1,US,1554164045,35,39.62,-77.74,280.15,1.5,137.86111111111111
2,clyde river,90,CA,1554162660,77,70.47,-68.59,254.15,6.2,123.41666666666667
3,camacha,20,PT,1554163200,63,33.08,-16.33,289.15,1.0,142.86111111111111
4,kaeo,20,NZ,1554163684,80,-35.1,173.78,292.59,2.68,144.7722222222222
5,airai,12,TL,1554163913,81,-8.93,125.41,297.096,0.75,147.27555555555557
6,tasiilaq,44,GL,1554159000,62,65.61,-37.64,269.15,4.1,131.75
7,arraial do cabo,20,BR,1554159600,73,-22.97,-42.02,297.15,2.55,147.30555555555554
8,college,1,US,1554163819,72,64.86,-147.8,284.15,1.8,140.08333333333331
9,molina,0,CL,1554159600,56,-35.11,-71.28,293.15,1.5,145.08333333333331
10,bredasdorp,80,ZA,1554163236,84,-34.53,20.04,286.48,4.65,141.3777777777778
11,castro,90,CL,1554159600,100,-42.48,-73.76,284.15,4.6,140.08333333333331
12,byron bay,90,AU,1554163956,88,-28.65,153.62,297.15,3.6,147.30555555555554
13,yellowknife,75,CA,1554163516,57,62.45,-114.38,268.15,8.7,131.19444444444443
14,tilichiki,92,RU,1554164128,92,60.47,166.1,274.446,4.65,134.69222222222226
15,husavik,32,CA,1554163824,54,50.56,-96.99,278.71,2.24,137.0611111111111
16,kavieng,92,PG,1554164006,95,-2.57,150.8,302.796,4.05,150.44222222222223
17,itamaraca,40,BR,1554159600,88,-7.75,-34.83,299.15,1.5,148.41666666666666
18,lasa,20,CY,1554162600,93,34.92,32.53,284.15,2.6,140.08333333333331
19,sawtell,90,AU,1554164009,93,-30.38,153.1,292.04,5.1,144.4666666666667
20,pevek,0,RU,1554163928,81,69.7,170.27,269.946,7.25,132.19222222222226
21,san quintin,48,PH,1554164130,73,17.54,120.52,297.896,1.6,147.72000000000003
22,carnarvon,0,ZA,1554163930,55,-30.97,22.13,279.746,5.55,137.63666666666666
23,avarua,36,CK,1554161400,65,-21.21,-159.78,301.15,4.6,149.52777777777777
24,punta arenas,90,CL,1554163946,93,-53.16,-70.91,283.15,4.1,139.52777777777777
25,khatanga,92,RU,1554163922,94,71.98,102.47,272.596,3.75,133.66444444444446
26,tuktoyaktuk,40,CA,1554160680,78,69.44,-133.03,261.15,3.6,127.30555555555554
27,lata,0,IN,1554164131,56,30.78,78.62,277.996,1.8,136.66444444444443
28,lethem,8,GY,1554164131,36,3.38,-59.8,306.146,7.2,152.30333333333334
29,busselton,0,AU,1554164106,62,-33.64,115.35,291.48,3.05,144.15555555555557
30,kemin,0,KG,1554164132,92,42.79,75.7,269.946,0.7,132.19222222222226
31,port alfred,92,ZA,1554163785,93,-33.59,26.89,288.15,0.45,142.30555555555554
32,hermanus,0,ZA,1554164105,84,-34.42,19.24,288.71,2.35,142.61666666666667
33,kavaratti,20,IN,1554164133,100,10.57,72.64,301.596,4.35,149.77555555555557
34,rikitea,0,PF,1554163886,100,-23.12,-134.97,297.746,6.7,147.63666666666666
35,hobart,75,AU,1554164055,62,-42.88,147.33,289.26,4.6,142.92222222222222
36,taoudenni,0,ML,1554164080,40,22.68,-3.98,288.746,1.4,142.63666666666666
37,puerto ayora,20,EC,1554163213,74,-0.74,-90.35,301.15,6.2,149.52777777777777
38,bonthe,32,SL,1554164134,82,7.53,-12.5,301.246,1.75,149.5811111111111
39,meybod,0,IR,1554159600,34,32.25,54.02,293.15,5.1,145.08333333333331
40,ushuaia,75,AR,1554159600,81,-54.81,-68.31,284.15,2.3,140.08333333333331
41,qaanaaq,0,GL,1554164011,74,77.48,-69.36,253.396,3.35,122.99777777777777
42,albany,1,US,1554164042,34,42.65,-73.75,275.15,4.6,135.08333333333331
43,fortuna,40,ES,1554164071,93,38.18,-1.13,287.59,1.5,141.99444444444444
44,yingcheng,92,CN,1554159600,76,30.93,113.57,287.15,2.0,141.75
45,soyo,0,AO,1554164135,89,-6.13,12.37,300.646,2.85,149.2477777777778
46,mataura,92,NZ,1554163804,70,-46.19,168.86,285.37,4.47,140.76111111111112
47,caravelas,8,BR,1554163935,100,-17.73,-39.27,300.296,5.45,149.05333333333334
48,guiglo,56,CI,1554164136,95,6.55,-7.5,296.246,1.95,146.80333333333334
49,cabo san lucas,5,MX,1554164101,50,22.89,-109.91,302.04,2.6,150.02222222222224
50,lebu,75,ET,1554159600,67,8.96,38.73,289.15,1.5,142.86111111111111
51,jalingo,8,NG,1554164137,25,10.3,10.93,298.096,4.15,147.8311111111111
52,vaini,0,IN,1554164137,90,15.34,74.49,290.496,0.5,143.60888888888888
53,ponta do sol,68,BR,1554164056,87,-20.63,-46.0,293.646,1.3,145.3588888888889
54,kodiak,1,US,1554164023,7,39.95,-94.76,286.15,5.1,141.19444444444443
55,port elizabeth,1,US,1554163925,35,39.31,-74.98,280.37,1.5,137.98333333333335
56,redondela,0,ES,1554163916,87,42.28,-8.61,287.04,1.5,141.6888888888889
57,mahebourg,40,MU,1554164041,88,-20.41,57.7,297.59,0.5,147.54999999999998
58,sao jose da coroa grande,92,BR,1554164138,96,-8.9,-35.15,298.796,1.6,148.22
59,beringovskiy,88,RU,1554164139,99,63.05,179.32,273.146,4.2,133.97000000000003
60,aklavik,75,CA,1554159600,73,68.22,-135.01,269.15,4.1,131.75
61,skibbereen,20,IE,1554163200,86,51.55,-9.27,277.15,5.7,136.19444444444443
62,bluff,0,AU,1554163898,53,-23.58,149.07,297.896,5.65,147.72000000000003
63,leningradskiy,56,RU,1554163911,98,69.38,178.42,265.796,5.25,129.88666666666666
64,lucera,12,IT,1554164140,66,41.51,15.34,280.146,2.35,137.8588888888889
65,lagoa,0,PT,1554163929,87,37.14,-8.45,287.04,1.5,141.6888888888889
66,xiongzhou,88,CN,1554164111,81,32.34,118.83,288.15,2.0,142.30555555555554
67,cayenne,20,GF,1554161400,83,4.94,-52.33,299.15,1.5,148.41666666666666
68,mount gambier,0,AU,1554159600,76,-37.83,140.78,286.15,4.1,141.19444444444443
69,innisfail,75,CA,1554163516,45,52.02,-113.95,281.15,5.7,138.41666666666666
70,jamestown,0,AU,1554164131,69,-33.21,138.6,289.646,2.5,143.13666666666668
71,mar del plata,0,AR,1554164002,57,-46.43,-67.52,292.746,12.0,144.85888888888888
72,hambantota,0,LK,1554164124,100,6.12,81.12,299.546,1.95,148.63666666666666
73,leh,20,IN,1554164142,84,34.16,77.58,254.246,0.55,123.47000000000001
74,laramie,90,US,1554164012,38,41.31,-105.59,280.37,7.7,137.98333333333335
75,machico,40,PT,1554164109,62,32.7,-16.77,289.15,2.1,142.86111111111111
76,chokurdakh,0,RU,1554163949,91,70.62,147.9,258.646,5.25,125.91444444444446
77,sangar,80,RU,1554164143,73,63.92,127.47,268.446,0.75,131.3588888888889
78,genhe,0,CN,1554164041,52,50.78,121.52,266.246,2.5,130.13666666666666
79,kapaa,90,US,1554163712,61,22.08,-159.32,299.15,4.6,148.41666666666666
80,bethel,90,US,1554159360,76,60.79,-161.76,281.15,3.1,138.41666666666666
81,georgetown,20,GY,1554159600,83,6.8,-58.16,300.15,5.1,148.97222222222223
82,cidreira,0,BR,1554164144,81,-30.17,-50.22,296.246,5.65,146.80333333333334
83,vila do maio,0,CV,1554159600,73,15.13,-23.22,294.15,7.2,145.63888888888889
84,kamaishi,75,JP,1554159600,78,39.28,141.86,273.15,1.5,133.97222222222223
85,homer,1,US,1554164133,75,59.64,-151.54,280.15,5.1,137.86111111111111
86,yevsino,0,RU,1554164146,75,54.42,83.32,266.096,3.0,130.05333333333334
87,vila velha,40,BR,1554163687,88,-3.71,-38.6,298.15,2.1,147.86111111111111
88,butaritari,80,KI,1554163890,100,3.07,172.79,301.646,4.9,149.80333333333334
89,nizhniy tsasuchey,0,RU,1554163925,63,50.52,115.13,268.546,1.4,131.41444444444446
90,borgarnes,75,IS,1554164113,74,64.54,-21.92,272.59,8.7,133.6611111111111
91,santa cruz de tenerife,92,ES,1554164129,100,28.47,-16.25,290.15,0.5,143.41666666666666
92,tezu,92,IN,1554164147,99,27.93,96.16,284.446,0.7,140.2477777777778
93,saint george,0,GR,1554164012,81,39.45,22.34,285.37,1.15,140.76111111111112
94,zapresic,0,HR,1554164125,81,45.86,15.81,283.15,1.95,139.52777777777777
95,dryden,90,CA,1554159600,55,49.79,-92.84,274.15,6.2,134.52777777777777
96,crotone,8,IT,1554164149,100,39.09,17.12,287.746,2.35,142.0811111111111
97,kaitangata,92,NZ,1554163829,69,-46.28,169.85,285.93,4.47,141.07222222222222
98,esperance,20,TT,1554163808,69,10.24,-61.45,300.15,4.1,148.97222222222223
99,turukhansk,68,RU,1554163965,94,65.8,87.96,270.096,3.8,132.27555555555557
100,astana,0,KZ,1554161400,100,51.13,71.43,270.15,3.0,132.30555555555554
101,ballina,8,IE,1554163984,82,54.11,-9.15,278.15,1.79,136.75
102,fairbanks,1,US,1554164045,72,64.84,-147.72,283.71,1.8,139.83888888888887
103,narsaq,92,GL,1554162600,58,60.91,-46.05,269.15,2.1,131.75
104,ihosy,8,MG,1554164151,81,-22.4,46.13,285.796,1.1,140.99777777777777
105,hithadhoo,68,MV,1554163998,100,-0.6,73.08,301.096,3.45,149.4977777777778
106,ust-nera,8,RU,1554164151,72,64.57,143.24,259.746,1.1,126.52555555555556
107,hamilton,75,BM,1554163276,82,32.3,-64.78,293.15,5.1,145.08333333333331
108,iqaluit,20,CA,1554163921,64,63.75,-68.52,256.15,3.6,124.52777777777777
109,poltavka,0,RU,1554164152,90,54.36,71.76,274.246,5.25,134.5811111111111
110,mount isa,0,AU,1554161400,44,-20.73,139.49,299.15,4.1,148.41666666666666
111,talnakh,92,RU,1554163989,93,69.49,88.39,268.746,4.3,131.52555555555554
112,nemuro,20,JP,1554161400,51,43.32,145.57,275.15,1.0,135.08333333333331
113,tazovskiy,76,RU,1554164153,90,67.47,78.7,267.746,5.0,130.97
114,wad rawah,0,SD,1554164153,25,15.16,33.13,291.496,4.45,144.16444444444443
115,tangzhai,80,CN,1554164154,98,26.73,109.0,285.496,1.5,140.8311111111111
116,saskylakh,44,RU,1554164154,71,71.97,114.09,263.346,3.45,128.52555555555557
117,swan hill,8,AU,1554164154,68,-35.34,143.56,291.496,2.05,144.16444444444443
118,beloha,0,MG,1554163953,89,-25.17,45.06,292.646,2.4,144.80333333333334
119,barrow,0,AR,1554164103,50,-38.31,-60.23,296.246,5.25,146.80333333333334
120,cape town,0,ZA,1554164105,58,-33.93,18.42,288.71,7.2,142.61666666666667
121,lavrentiya,36,RU,1554163890,100,65.58,-170.99,270.746,0.75,132.63666666666666
122,banda aceh,76,ID,1554164156,99,5.56,95.32,297.246,1.05,147.35888888888888
123,east london,88,ZA,1554164156,100,-33.02,27.91,291.096,7.95,143.94222222222223
124,deputatskiy,0,RU,1554164156,79,69.3,139.9,260.446,2.3,126.91444444444447
125,mabaruma,0,GY,1554164157,81,8.2,-59.78,299.046,3.25,148.35888888888888
126,ayan,20,TR,1554164080,74,40.67,33.6,267.196,0.95,130.66444444444446
127,rumonge,0,BI,1554164157,100,-3.97,29.44,294.746,1.2,145.97
128,atuona,36,PF,1554164107,100,-9.8,-139.03,301.146,4.7,149.52555555555557
129,tiksi,44,RU,1554164018,77,71.64,128.87,263.246,1.45,128.47
130,big rapids,90,US,1554164149,55,43.7,-85.48,279.26,7.35,137.36666666666667
131,nikolskoye,0,RU,1554164136,74,59.7,30.79,274.82,4.0,134.9
132,san roque,75,EC,1554161700,87,0.3,-78.23,288.15,3.1,142.30555555555554
133,namatanai,68,PG,1554164155,98,-3.66,152.44,301.646,4.15,149.80333333333334
134,puerto princesa,20,PH,1554159600,73,9.74,118.73,297.15,3.1,147.30555555555554
135,yar-sale,0,RU,1554164042,71,66.83,70.83,261.346,2.95,127.41444444444446
136,olyka,0,UA,1554163837,60,50.73,25.81,272.59,1.95,133.6611111111111
137,zabaykalsk,0,CN,1554164160,58,49.64,117.33,267.946,1.25,131.08111111111114
138,zatoka,0,PL,1554164147,59,50.04,20.52,275.37,5.1,135.20555555555558
139,port hardy,20,CA,1554159600,50,50.7,-127.42,286.15,1.5,141.19444444444443
140,etchoropo,8,MX,1554163997,35,26.77,-109.67,301.48,1.34,149.71111111111114
141,taltal,24,CL,1554164161,87,-25.41,-70.49,287.646,0.5,142.02555555555557
142,huilong,92,CN,1554164162,97,28.89,110.18,284.246,1.3,140.13666666666666
143,miragoane,56,HT,1554164117,81,18.44,-73.09,300.37,2.95,149.09444444444446
144,provideniya,75,RU,1554161400,80,64.42,-173.23,274.15,3.0,134.52777777777777
145,new norfolk,75,AU,1554163879,62,-42.78,147.06,289.26,4.6,142.92222222222222
146,haicheng,8,CN,1554164163,42,40.85,122.74,278.146,3.0,136.7477777777778
147,the valley,20,AI,1554164155,73,18.22,-63.06,299.15,4.1,148.41666666666666
148,pervomayskiy,0,RU,1554164163,72,53.24,40.29,265.896,2.65,129.94222222222223
149,vangaindrano,88,MG,1554164164,97,-23.35,47.6,294.946,1.1,146.08111111111114
150,yenagoa,32,NG,1554164164,92,4.92,6.26,298.596,3.2,148.10888888888888
151,shimoda,20,JP,1554164111,100,34.7,138.93,285.37,4.6,140.76111111111112
152,rock springs,20,US,1554159240,41,41.59,-109.2,279.15,8.2,137.30555555555554
153,calceta,40,EC,1554159600,69,-0.85,-80.16,301.15,2.1,149.52777777777777
154,borovskoy,8,KZ,1554164165,82,53.8,64.15,276.246,4.55,135.69222222222223
155,zhigansk,92,RU,1554164116,86,66.77,123.37,269.946,2.75,132.19222222222226
156,dikson,88,RU,1554164064,100,73.51,80.55,270.096,11.75,132.27555555555557
157,auki,0,NG,1554164166,43,12.18,6.51,294.946,1.95,146.08111111111114
158,jackson,1,US,1554163885,37,35.61,-88.82,285.15,3.1,140.63888888888889
159,abha,0,SA,1554159600,87,18.22,42.5,289.15,4.1,142.86111111111111
160,ilulissat,0,GL,1554162600,40,69.22,-51.1,264.15,5.7,128.97222222222223
161,le mars,75,US,1554164165,60,42.79,-96.17,278.15,4.1,136.75
162,gat,0,SN,1554161400,77,14.69,-16.54,293.15,8.7,145.08333333333331
163,padang,20,ID,1554159600,88,-0.92,100.36,297.15,2.1,147.30555555555554
164,evanston,75,US,1554164032,49,42.04,-87.69,281.48,6.7,138.60000000000002
165,avera,1,US,1554164130,22,33.19,-82.53,288.15,3.1,142.30555555555554
166,salalah,20,OM,1554159000,74,17.01,54.1,299.15,1.0,148.41666666666666
167,the pas,90,CA,1554159600,80,53.82,-101.24,274.15,6.7,134.52777777777777
168,graaff-reinet,0,ZA,1554164170,88,-32.25,24.53,277.346,1.1,136.30333333333334
169,iberia,0,PE,1554164170,77,-11.41,-69.49,300.946,1.15,149.41444444444446
170,bathsheba,20,BB,1554159600,73,13.22,-59.52,298.15,5.7,147.86111111111111
171,bandarbeyla,36,SO,1554164171,100,9.49,50.81,298.896,2.65,148.27555555555557
172,cherskiy,48,RU,1554163937,76,68.75,161.3,270.746,2.75,132.63666666666666
173,waverley,40,AU,1554164163,68,-33.9,151.26,295.93,5.1,146.6277777777778
174,kruisfontein,80,ZA,1554163902,87,-34.0,24.73,286.346,1.9,141.30333333333334
175,lobito,36,AO,1554164172,96,-12.35,13.55,294.396,1.05,145.77555555555557
176,mehamn,40,NO,1554159000,74,71.03,27.85,271.15,5.7,132.86111111111111
177,sorokino,0,RU,1554164172,67,51.22,37.86,273.846,5.25,134.35888888888888
178,nioki,24,CD,1554164173,92,-2.72,17.69,297.846,0.85,147.69222222222223
179,dvinskoy,8,RU,1554164173,75,62.16,45.12,267.596,2.9,130.88666666666668
180,manuk mangkaw,68,PH,1554164173,100,4.8,119.85,299.496,2.05,148.60888888888888
181,san patricio,76,PY,1554164174,76,-26.98,-56.83,298.496,1.55,148.05333333333334
182,passo de camaragibe,0,BR,1554159600,88,-9.24,-35.49,298.15,0.5,147.86111111111111
183,belyy yar,0,RU,1554161400,92,53.6,91.39,264.15,2.0,128.97222222222223
184,tautira,75,PF,1554163942,66,-17.73,-149.15,305.15,4.6,151.75
185,bambous virieux,40,MU,1554163741,88,-20.34,57.76,297.59,0.5,147.54999999999998
186,lompoc,68,US,1554164173,68,34.64,-120.46,296.48,4.6,146.93333333333334
187,matay,8,EG,1554164176,58,28.42,30.79,281.146,1.4,138.41444444444446
188,nago,20,IT,1554164161,80,45.88,10.89,287.59,4.1,141.99444444444444
189,souillac,76,FR,1554163861,87,45.6,-0.6,286.48,1.5,141.3777777777778
190,gananoque,1,CA,1554164140,63,44.33,-76.16,273.71,3.6,134.28333333333333
191,kahului,40,US,1554163839,54,20.89,-156.47,302.15,5.7,150.08333333333331
192,mpanda,44,TZ,1554164177,92,-6.34,31.07,290.596,1.2,143.66444444444446
193,severnoye,92,RU,1554164178,96,54.09,52.54,273.496,1.25,134.16444444444443
194,sahuaripa,48,MX,1554164178,35,29.05,-109.23,296.546,1.3,146.97
195,teeli,0,RU,1554164178,61,51.01,90.2,261.846,0.95,127.69222222222223
196,humaita,90,AR,1554163200,100,-24.93,-65.37,296.15,2.1,146.75
197,atkinson,40,US,1554164177,43,41.42,-90.02,284.15,7.2,140.08333333333331
198,upernavik,76,GL,1554163883,100,72.79,-56.15,264.496,3.2,129.16444444444443
199,verkhnevilyuysk,12,RU,1554164179,74,63.45,120.31,268.446,2.5,131.3588888888889
200,teya,20,MX,1554163305,54,21.05,-89.07,301.15,3.1,149.52777777777777
201,san jeronimo,36,PE,1554164180,87,-13.65,-73.37,283.696,0.25,139.83111111111114
202,saint-philippe,1,CA,1554164145,76,45.36,-73.48,274.26,1.5,134.5888888888889
203,port lincoln,0,AU,1554164181,88,-34.72,135.86,291.896,5.65,144.38666666666668
204,atambua,20,ID,1554164181,100,-9.11,124.89,299.796,1.3,148.77555555555557
205,sullana,88,PE,1554164181,74,-4.89,-80.69,299.146,1.5,148.41444444444446
206,vao,0,EE,1554164029,81,59.1,26.19,269.996,3.9,132.22
207,san cristobal,75,EC,1554163234,87,-0.39,-78.55,288.15,3.1,142.30555555555554
208,wenchi,80,GH,1554164169,96,7.74,-2.1,295.596,1.3,146.44222222222223
209,mbini,88,GQ,1554164182,100,1.58,9.62,299.596,4.05,148.66444444444446
210,tyrma,0,RU,1554164182,56,50.04,132.17,269.596,1.6,131.9977777777778
211,saint anthony,75,US,1554164118,47,43.97,-111.68,284.26,1.5,140.14444444444445
212,grimshaw,20,CA,1554164119,36,56.19,-117.61,281.15,4.6,138.41666666666666
213,buriti,44,BR,1554164183,77,-28.3,-54.4,297.546,1.05,147.52555555555557
214,morozovsk,80,RU,1554164184,95,48.35,41.83,277.346,1.3,136.30333333333334
215,alyangula,75,AU,1554159600,83,-13.85,136.42,300.15,4.6,148.97222222222223
216,dunedin,44,NZ,1554164102,63,-45.87,170.5,285.37,5.36,140.76111111111112
217,kalianget,40,ID,1554161400,94,-7.35,109.91,298.15,1.5,147.86111111111111
218,belmonte,8,PT,1554164172,93,40.36,-7.35,280.93,1.45,138.29444444444445
219,kysyl-syr,8,RU,1554164186,75,63.9,122.77,268.196,2.5,131.22000000000003
220,coihaique,0,CL,1554159600,81,-45.58,-72.07,285.15,11.8,140.63888888888889
222,waimana,88,NZ,1554164103,60,-38.14,177.08,294.82,3.13,146.01111111111112
223,oregon city,90,US,1554164181,36,45.36,-122.61,292.15,7.2,144.52777777777777
224,natchez,90,US,1554164105,46,31.56,-91.4,285.15,3.1,140.63888888888889
225,half moon bay,90,US,1554164182,72,37.46,-122.43,289.82,3.6,143.23333333333335
226,tanete,32,ID,1554164188,88,-3.94,119.78,298.446,1.15,148.02555555555557
227,maniitsoq,68,GL,1554164188,81,65.42,-52.9,265.096,4.35,129.4977777777778
228,quatre cocos,40,MU,1554164041,88,-20.21,57.76,297.59,0.5,147.54999999999998
229,naze,64,NG,1554164108,92,5.43,7.07,298.446,4.35,148.02555555555557
230,mikuni,75,JP,1554159600,80,36.22,136.15,277.15,2.6,136.19444444444443
231,guerrero negro,0,MX,1554164075,29,27.97,-114.04,298.496,3.9,148.05333333333334
232,araouane,0,ML,1554164189,32,18.9,-3.53,300.496,5.2,149.16444444444443
233,kem,0,UG,1554164189,58,2.68,33.77,295.446,2.95,146.3588888888889
234,adrar,0,DZ,1554163200,39,27.87,-0.29,292.15,5.1,144.52777777777777
235,kiunga,92,PG,1554164190,95,-6.12,141.3,297.396,0.3,147.44222222222223
236,longyearbyen,20,NO,1554159000,66,78.22,15.63,261.15,4.6,127.30555555555554
237,yulara,0,AU,1554159600,41,-25.24,130.99,293.15,5.7,145.08333333333331
238,sao joao da barra,75,BR,1554159600,78,-21.64,-41.05,297.15,4.5,147.30555555555554
239,mahibadhoo,56,MV,1554164191,100,3.78,72.97,301.546,1.4,149.74777777777777
240,kalmunai,0,LK,1554164191,100,7.42,81.82,296.346,1.45,146.85888888888888
241,muktsar,0,IN,1554164191,66,30.47,74.52,289.596,0.6,143.10888888888888
242,hofn,0,IS,1554164035,100,64.25,-15.21,274.446,8.2,134.69222222222226
243,carpinteria,1,US,1554164171,43,34.4,-119.52,298.71,2.6,148.17222222222222
244,sheregesh,0,RU,1554164192,71,52.93,87.98,264.596,0.95,129.22
245,sorong,24,ID,1554164192,100,-0.86,131.25,300.096,2.05,148.94222222222223
246,sur,12,OM,1554163939,77,22.57,59.53,300.046,3.4,148.91444444444446
247,colon,1,US,1554164187,33,41.3,-96.61,288.15,3.1,142.30555555555554
248,vestmannaeyjar,0,IS,1554164111,100,63.44,-20.27,272.996,8.4,133.88666666666666
249,mayo,20,CA,1554159600,28,63.59,-135.9,286.15,2.1,141.19444444444443
250,rolla,1,US,1554164180,37,37.95,-91.77,284.26,3.6,140.14444444444445
251,fuerte olimpo,36,BR,1554164194,73,-21.04,-57.87,300.546,3.55,149.19222222222223
252,bastrop,90,US,1554164147,53,32.78,-91.91,284.15,2.6,140.08333333333331
253,mogadishu,0,SO,1554164014,100,2.04,45.34,301.346,7.0,149.63666666666668
254,nome,90,US,1554164192,54,30.04,-94.42,286.15,2.6,141.19444444444443
255,douglas,1,US,1554164160,17,31.34,-109.55,296.48,2.6,146.93333333333334
256,santa rosa,32,AR,1554164197,89,-36.62,-64.29,294.246,3.55,145.69222222222223
257,channel-port aux basques,12,CA,1554164197,88,47.57,-59.14,271.646,15.0,133.13666666666668
258,luanda,0,AO,1554164201,94,-8.83,13.24,300.546,3.25,149.19222222222223
259,lazaro cardenas,75,MX,1554164133,20,28.39,-105.62,294.26,7.2,145.7
260,moose factory,75,CA,1554159600,39,51.26,-80.61,272.15,4.1,133.41666666666666
261,laguna,90,MX,1554158700,18,27.52,-110.01,302.15,4.1,150.08333333333331
262,nikolayevka,88,RU,1554164202,66,47.31,38.84,278.596,3.2,136.9977777777778
263,saryozek,92,KZ,1554164203,97,44.36,77.98,277.846,1.4,136.5811111111111
264,clifton springs,1,US,1554164188,43,42.96,-77.14,275.15,3.1,135.08333333333331
265,aksu,0,KZ,1554161400,86,52.04,76.93,276.15,2.0,135.63888888888889
266,zhezkazgan,0,KZ,1554164203,72,47.8,67.71,269.246,1.3,131.80333333333334
267,santiago,0,CL,1554164066,35,-33.44,-70.65,297.04,1.5,147.24444444444447
268,saldanha,64,PT,1554163919,89,41.42,-6.55,281.146,1.1,138.41444444444446
269,marawi,12,PH,1554163219,76,8.0,124.29,299.82,1.79,148.7888888888889
270,eenhana,36,NA,1554164205,48,-17.48,16.34,297.146,4.45,147.30333333333334
271,pindwara,0,IN,1554164205,51,24.79,73.05,289.746,1.1,143.19222222222223
272,komsomolskiy,80,RU,1554164206,91,67.55,63.78,268.846,7.55,131.5811111111111
273,buala,88,SB,1554164206,100,-8.15,159.59,299.396,2.1,148.55333333333334
274,thompson,90,CA,1554159600,64,55.74,-97.86,274.15,1.0,134.52777777777777
275,tra vinh,0,VN,1554164207,81,9.93,106.35,299.846,3.65,148.80333333333334
276,santa quiteria do maranhao,76,BR,1554164207,96,-3.52,-42.55,296.446,1.05,146.91444444444446
277,makokou,92,GA,1554164207,99,0.56,12.85,294.546,1.55,145.85888888888888
278,sorland,92,NO,1554164208,95,67.67,12.69,278.196,11.05,136.77555555555557
279,ancud,90,CL,1554159600,100,-41.87,-73.83,284.15,4.6,140.08333333333331
280,grindavik,40,IS,1554163615,74,63.84,-22.43,272.59,9.3,133.6611111111111
281,baykit,24,RU,1554164033,81,61.68,96.39,269.646,3.9,132.02555555555557
282,westport,64,IE,1554163984,82,53.8,-9.52,278.15,1.79,136.75
283,whitehorse,5,CA,1554164102,24,60.72,-135.06,286.15,3.6,141.19444444444443
284,najran,0,SA,1554159600,36,17.54,44.22,299.15,1.0,148.41666666666666
285,katsuura,20,JP,1554163455,52,33.93,134.5,281.48,4.1,138.60000000000002
286,darnah,44,LY,1554163990,99,32.77,22.64,288.846,1.7,142.69222222222223
287,jinchang,80,CN,1554164210,61,38.52,102.19,271.596,1.85,133.10888888888888
288,anadyr,75,RU,1554163946,99,64.73,177.51,273.15,11.0,133.97222222222223
289,santiago del estero,100,AR,1554164212,98,-27.8,-64.26,294.896,3.85,146.05333333333334
290,rossland,12,CA,1554164212,49,49.08,-117.8,281.296,0.8,138.49777777777777
291,savino,0,RU,1554164212,88,56.59,41.22,269.296,3.85,131.8311111111111
292,bemidji,75,US,1554163881,55,47.48,-94.89,275.93,5.7,135.51666666666668
293,hami,32,CN,1554164213,54,42.84,93.51,281.646,3.65,138.69222222222223
294,rio grande,8,BR,1554164213,87,-32.03,-52.1,295.246,4.35,146.24777777777777
295,ewa beach,20,US,1554164043,54,21.32,-158.01,301.15,4.1,149.52777777777777
296,peno,0,RU,1554164214,78,56.92,32.74,267.796,3.1,130.99777777777777
297,barcelos,0,PT,1554164161,82,41.53,-8.62,286.48,0.7,141.3777777777778
298,luderitz,0,NA,1554164029,76,-26.65,15.16,288.346,7.95,142.41444444444446
299,omsukchan,88,RU,1554164214,89,62.53,155.8,270.746,1.75,132.63666666666666
300,lucea,20,JM,1554164167,78,18.44,-78.17,300.37,3.1,149.09444444444446
301,porgera,56,PG,1554164215,94,-5.46,143.15,288.846,0.75,142.69222222222223
302,los llanos de aridane,75,ES,1554163565,72,28.66,-17.92,288.15,4.1,142.30555555555554
303,pangnirtung,8,CA,1554164006,70,66.15,-65.72,254.046,1.75,123.35888888888888
304,bandipur,0,IN,1554164216,87,11.67,76.63,291.296,0.7,144.05333333333334
305,puri,88,ID,1554163958,97,-7.54,112.45,294.796,2.05,145.99777777777777
306,ranong,20,TH,1554159600,100,9.96,98.62,297.15,2.15,147.30555555555554
307,goderich,68,CA,1554164213,70,43.74,-81.71,274.82,0.45,134.9
308,karpogory,0,RU,1554164216,76,64.0,44.44,269.446,3.1,131.91444444444446
309,flin flon,75,CA,1554159600,40,54.77,-101.88,275.15,10.3,135.08333333333331
310,quelimane,0,MZ,1554164217,89,-17.88,36.89,292.196,1.45,144.55333333333334
311,brae,92,GB,1554162600,87,60.4,-1.35,279.15,8.2,137.30555555555554
312,ulagan,0,RU,1554164218,65,50.63,87.96,261.696,1.6,127.60888888888891
313,capanema,0,BR,1554159600,88,-25.67,-53.8,298.15,0.7,147.86111111111111
314,veraval,44,FR,1554164181,87,49.65,0.71,284.26,1.5,140.14444444444445
315,acapulco,5,MX,1554162540,69,16.86,-99.88,301.15,4.1,149.52777777777777
316,kirakira,76,SB,1554164219,100,-10.46,161.92,301.546,5.0,149.74777777777777
317,skjervoy,76,NO,1554164219,100,70.03,20.97,273.496,6.0,134.16444444444443
318,barranquilla,40,CO,1554163369,83,10.98,-74.8,303.15,3.6,150.63888888888889
319,yukhnov,0,RU,1554164219,82,54.74,35.23,269.646,3.7,132.02555555555557
320,havre-saint-pierre,90,CA,1554162840,79,50.23,-63.6,270.15,8.2,132.30555555555554
321,santa barbara,1,US,1554163803,43,34.42,-119.7,298.71,5.7,148.17222222222222
322,batemans bay,0,AU,1554164186,74,-35.71,150.18,293.71,0.95,145.39444444444445
323,baruun-urt,0,MN,1554164221,58,46.68,113.28,268.996,1.6,131.66444444444443
324,waitati,44,NZ,1554164102,63,-45.75,170.57,285.37,5.36,140.76111111111112
325,san-pedro,0,CI,1554164222,89,4.75,-6.64,300.346,3.05,149.0811111111111
326,nouakchott,0,MR,1554161400,60,18.08,-15.98,295.15,5.7,146.19444444444443
327,terrace,5,CA,1554159600,23,54.52,-128.61,291.15,4.1,143.97222222222223
328,marsaxlokk,20,MT,1554164162,87,35.84,14.54,287.15,2.1,141.75
329,trairi,48,BR,1554164223,100,-3.28,-39.27,299.246,2.95,148.47
330,sao filipe,0,CV,1554163987,99,14.9,-24.5,294.396,5.95,145.77555555555557
331,vostok,68,RU,1554164223,60,46.45,135.83,269.246,1.25,131.80333333333334
332,zalantun,0,CN,1554164074,35,48.0,122.72,272.696,2.55,133.72000000000003
333,haikou,75,CN,1554159600,88,20.04,110.34,297.15,3.0,147.30555555555554
334,broken hill,0,AU,1554159600,42,-31.97,141.45,293.15,5.7,145.08333333333331
335,atherton,88,GB,1554164223,66,53.52,-2.49,283.15,2.6,139.52777777777777
336,nyurba,32,RU,1554164225,65,63.29,118.35,269.996,3.2,132.22
337,torbay,90,CA,1554164193,100,47.66,-52.73,283.15,9.3,139.52777777777777
338,camabatela,12,AO,1554164225,88,-8.19,15.37,289.946,0.85,143.30333333333334
339,ushtobe,92,KZ,1554164225,100,45.25,77.98,278.846,2.3,137.13666666666668
340,axim,12,GH,1554164086,97,4.87,-2.24,301.696,4.75,149.83111111111114
341,goure,0,NE,1554164226,21,13.98,10.27,297.996,4.35,147.77555555555554
342,solnechnyy,76,RU,1554164112,71,50.72,136.64,270.796,2.75,132.66444444444446
343,prata,8,BR,1554164227,63,-19.31,-48.92,297.046,2.75,147.24777777777777
344,paamiut,92,GL,1554164227,89,61.99,-49.67,274.296,20.7,134.60888888888888
345,tawau,75,MY,1554159600,83,4.26,117.89,298.15,1.0,147.86111111111111
346,silver city,1,US,1554164202,16,32.77,-108.28,289.26,2.45,142.92222222222222
347,lebanon,1,US,1554163945,41,43.64,-72.25,274.26,2.65,134.5888888888889
348,tessalit,0,ML,1554164228,30,20.2,1.01,297.996,4.95,147.77555555555554
349,klaksvik,44,FO,1554162600,100,62.23,-6.59,274.15,0.5,134.52777777777777
350,egvekinot,20,RU,1554163956,93,66.32,-179.17,271.846,1.45,133.2477777777778
351,port macquarie,75,AU,1554164105,93,-31.43,152.91,293.15,3.1,145.08333333333331
352,surt,0,LY,1554164027,90,31.21,16.59,289.096,6.45,142.8311111111111
353,jiayuguan,64,CN,1554164230,72,39.77,98.29,271.896,1.85,133.27555555555557
354,mudanjiang,44,CN,1554164230,53,44.58,129.6,271.196,1.65,132.88666666666668
355,srednekolymsk,68,RU,1554164063,79,67.46,153.71,264.846,1.5,129.35888888888888
356,spornoye,0,RU,1554161400,55,50.84,37.29,274.15,5.0,134.52777777777777
357,waupun,90,US,1554163881,52,43.63,-88.73,282.59,7.2,139.21666666666667
358,alta floresta,36,BR,1554164231,88,-9.87,-56.08,299.496,0.7,148.60888888888888
359,maun,0,BW,1554163200,44,-19.99,23.42,298.15,3.1,147.86111111111111
360,okoneshnikovo,8,RU,1554164232,90,54.84,75.08,271.846,6.1,133.2477777777778
361,flinders,40,AU,1554164107,72,-34.58,150.85,296.48,1.5,146.93333333333334
362,ostrovnoy,76,RU,1554164138,87,68.05,39.51,269.096,7.95,131.72
363,tianpeng,100,CN,1554164233,100,28.88,112.34,285.246,3.5,140.69222222222223
364,sungaipenuh,48,ID,1554164233,90,-2.08,101.38,292.446,0.5,144.69222222222226
365,zyryanka,76,RU,1554164233,75,65.73,150.89,261.846,2.45,127.69222222222223
366,gopalpur,0,IN,1554164233,82,25.6,86.94,292.946,4.45,144.97000000000003
367,wloclawek,0,PL,1554164047,54,52.65,19.07,275.37,1.79,135.20555555555558
368,codrington,90,AU,1554163956,88,-28.95,153.24,293.15,3.6,145.08333333333331
369,atasu,88,KZ,1554164234,97,48.68,71.64,278.646,3.0,137.02555555555557
370,muros,0,ES,1554164216,93,42.77,-9.06,287.04,2.1,141.6888888888889
371,dandong,76,CN,1554164235,40,40.12,124.37,276.346,1.4,135.7477777777778
372,eldorado,0,MX,1554163997,61,24.32,-107.36,299.26,4.47,148.4777777777778
373,sinnamary,92,GF,1554164236,96,5.38,-52.96,299.696,4.65,148.72000000000003
374,miyazu,75,JP,1554161400,100,35.58,135.2,275.15,2.1,135.08333333333331
375,mao,40,DO,1554163814,69,19.55,-71.08,300.15,4.1,148.97222222222223
376,erzin,75,TR,1554163320,93,36.95,36.2,286.15,6.2,141.19444444444443
377,nyakahanga,12,TZ,1554164237,92,-1.6,31.14,288.796,1.05,142.66444444444446
378,rajka,0,HU,1554164234,49,48.0,17.2,282.04,5.1,138.91111111111113
379,songea,68,TZ,1554164237,94,-10.68,35.65,291.546,0.15,144.19222222222223
380,namibe,0,AO,1554164028,99,-15.19,12.15,299.596,5.55,148.66444444444446
381,sechura,32,PE,1554164238,72,-5.56,-80.82,297.346,5.35,147.41444444444446
382,saint-joseph,0,FR,1554164176,66,43.56,6.97,288.71,2.6,142.61666666666667
383,lalmohan,0,BD,1554164238,89,22.34,90.74,299.146,2.7,148.41444444444446
384,hasaki,20,JP,1554163478,48,35.73,140.83,280.93,3.6,138.29444444444445
385,lodja,44,CD,1554164239,94,-3.52,23.6,296.196,0.95,146.77555555555557
386,aswan,0,EG,1554159600,23,24.09,32.9,290.15,2.1,143.41666666666666
387,nanortalik,92,GL,1554163954,100,60.14,-45.24,270.346,12.75,132.41444444444446
388,mwinilunga,32,ZM,1554164150,73,-11.73,24.43,292.846,1.85,144.91444444444446
389,miyoshi,40,JP,1554163397,64,34.81,132.85,277.15,2.1,136.19444444444443
390,kenora,90,CA,1554163922,59,49.76,-94.48,276.15,6.7,135.63888888888889
391,havoysund,75,NO,1554162600,79,71.0,24.66,271.15,11.8,132.86111111111111
392,geraldton,75,CA,1554159600,69,49.72,-86.95,273.15,4.1,133.97222222222223
393,oistins,20,BB,1554159600,73,13.07,-59.53,298.15,5.7,147.86111111111111
394,kattivakkam,20,IN,1554161626,83,13.22,80.32,301.15,2.1,149.52777777777777
395,loandjili,40,CG,1554163200,100,-4.77,11.87,300.15,1.0,148.97222222222223
396,gamba,24,CN,1554164244,80,28.28,88.52,253.746,0.05,123.19222222222223
397,hirara,40,JP,1554159600,59,24.8,125.28,293.15,6.7,145.08333333333331
398,ewo,44,CG,1554164245,84,-0.88,14.81,296.996,1.2,147.22
399,fratautii vechi,0,RO,1554163200,44,47.9,25.88,277.15,5.1,136.19444444444443
400,khasan,0,RU,1554164246,77,42.43,130.64,275.346,3.5,135.19222222222223
401,tuatapere,92,NZ,1554163804,70,-46.13,167.69,285.37,4.47,140.76111111111112
402,touros,75,BR,1554159600,100,-5.2,-35.46,296.15,3.1,146.75
403,agen,68,FR,1554164125,76,44.2,0.62,286.15,2.1,141.19444444444443
404,ryotsu,75,JP,1554161700,93,38.08,138.43,276.15,4.6,135.63888888888889
405,ust-koksa,12,RU,1554164247,77,50.27,85.62,264.346,0.8,129.0811111111111
406,mchinji,76,MW,1554164247,81,-13.8,32.89,292.796,1.85,144.88666666666666
407,beisfjord,90,NO,1554164216,96,68.38,17.6,274.82,6.7,134.9
408,paso de los toros,48,UY,1554164248,68,-32.81,-56.52,296.696,4.0,147.05333333333334
409,iralaya,75,HN,1554163200,78,15.0,-83.23,300.15,3.75,148.97222222222223
410,moussoro,24,TD,1554164249,16,13.64,16.49,298.396,5.55,147.9977777777778
411,singaraja,32,ID,1554164249,100,-8.11,115.08,295.746,0.1,146.52555555555554
412,marzuq,0,YE,1554164249,88,14.4,46.47,282.146,1.15,138.97000000000003
413,fort-shevchenko,92,KZ,1554164249,96,44.51,50.26,280.096,5.55,137.8311111111111
414,itoman,20,JP,1554163946,42,26.12,127.67,291.15,4.1,143.97222222222223
415,nantucket,1,US,1554164224,27,41.28,-70.1,278.71,3.6,137.0611111111111
416,ribeira grande,36,PT,1554164054,100,38.52,-28.7,288.446,10.9,142.47000000000003
417,teguise,20,ES,1554161400,82,29.06,-13.56,290.15,3.1,143.41666666666666
418,finale ligure,0,IT,1554164225,47,44.17,8.34,289.15,4.1,142.86111111111111
419,agirish,0,RU,1554164251,76,61.92,63.02,269.946,3.65,132.19222222222226
420,norman wells,75,CA,1554159600,73,65.28,-126.83,270.15,5.1,132.30555555555554
421,maldonado,0,UY,1554159600,93,-34.91,-54.96,292.15,2.1,144.52777777777777
422,ermelo,20,NL,1554164244,82,52.3,5.62,282.04,2.1,138.91111111111113
423,barra patuca,76,HN,1554164194,85,15.8,-84.28,300.746,5.0,149.30333333333334
424,vila franca do campo,40,PT,1554164035,67,37.72,-25.43,287.15,9.3,141.75
425,pingdu,0,CN,1554159600,39,36.79,119.95,280.15,3.0,137.86111111111111
426,victoria,75,BN,1554161400,94,5.28,115.24,298.15,2.9,147.86111111111111
427,ikeda,20,JP,1554164222,61,34.82,135.43,283.15,3.6,139.52777777777777
428,ingleside,20,CA,1554164228,59,45.0,-74.99,275.15,4.6,135.08333333333331
429,chuy,20,UY,1554164254,92,-33.69,-53.46,292.596,3.45,144.77555555555557
430,ukiah,92,US,1554164174,51,39.15,-123.21,292.04,1.79,144.4666666666667
431,rajura,0,IN,1554164255,77,19.78,79.37,292.646,1.05,144.80333333333334
432,gondanglegi,88,ID,1554164255,97,-7.75,112.01,294.796,2.05,145.99777777777777
433,oshkosh,75,US,1554164036,45,44.02,-88.54,282.15,3.6,138.97222222222223
434,praia da vitoria,75,PT,1554163308,76,38.73,-27.07,287.15,12.1,141.75
435,xining,92,CN,1554164256,61,36.62,101.77,272.096,1.0,133.38666666666668
436,staszow,0,PL,1554164209,56,50.56,21.17,275.93,5.75,135.51666666666668
437,dakar,0,SN,1554161400,77,14.69,-17.45,293.15,8.7,145.08333333333331
438,constitucion,5,MX,1554163817,7,23.99,-104.67,300.15,7.7,148.97222222222223
439,eirunepe,12,BR,1554164257,85,-6.66,-69.87,300.746,1.1,149.30333333333334
440,freeport,75,BS,1554159600,78,26.54,-78.7,298.15,2.6,147.86111111111111
441,kloulklubed,75,PW,1554162600,78,7.04,134.26,301.15,3.1,149.52777777777777
442,hobyo,0,SO,1554164258,91,5.35,48.53,298.396,3.6,147.9977777777778
443,ulety,20,RU,1554164258,58,51.36,112.48,266.496,1.15,130.27555555555554
444,puerto escondido,20,MX,1554162600,69,15.86,-97.07,301.15,3.6,149.52777777777777
445,santo antonio da platina,32,BR,1554164198,61,-23.3,-50.08,298.196,5.7,147.88666666666668
446,ariquemes,48,BR,1554164091,79,-9.91,-63.03,300.346,0.7,149.0811111111111
447,hay river,40,CA,1554159600,50,60.82,-115.79,274.15,7.2,134.52777777777777
448,zaysan,24,KZ,1554164260,81,47.47,84.87,273.696,1.6,134.27555555555557
449,konstancin-jeziorna,0,PL,1554164248,47,52.08,21.12,277.59,3.1,136.43888888888887
450,beli potok,0,RS,1554164222,81,44.71,20.52,282.15,4.1,138.97222222222223
451,kalabo,0,ZM,1554164261,62,-15.0,22.67,291.596,1.25,144.22
452,pelotas,8,BR,1554164261,87,-31.77,-52.34,295.246,4.35,146.24777777777777
453,amboise,0,FR,1554164112,66,47.41,0.98,288.15,2.1,142.30555555555554
454,copiapo,75,CL,1554159600,72,-27.37,-70.33,290.15,4.1,143.41666666666666
455,karratha,0,AU,1554163993,74,-20.74,116.85,300.546,2.75,149.19222222222223
456,escanaba,90,US,1554164102,91,45.75,-87.06,274.15,3.6,134.52777777777777
457,berlevag,40,NO,1554159000,74,70.86,29.09,271.15,5.7,132.86111111111111
458,soe,8,EE,1554164254,80,57.91,26.05,272.15,3.1,133.41666666666666
459,alofi,40,NU,1554159600,69,-19.06,-169.92,301.15,6.2,149.52777777777777
460,daru,8,SL,1554164263,92,7.99,-10.85,297.096,2.55,147.27555555555557
461,xichang,0,CN,1554164264,56,27.88,102.25,282.146,0.8,138.97000000000003
462,gainesville,90,US,1554164149,100,29.65,-82.33,290.37,2.6,143.5388888888889
463,truro,75,GB,1554164130,87,50.26,-5.05,281.15,2.2,138.41666666666666
464,broome,8,GB,1554164075,93,52.47,1.45,278.71,1.5,137.0611111111111
465,saint-francois,0,FR,1554161400,81,46.42,3.91,280.15,0.5,137.86111111111111
466,tavda,0,RU,1554164265,89,58.04,65.27,273.546,5.9,134.19222222222223
467,eyl,92,SO,1554164265,100,7.98,49.82,298.346,1.75,147.97
468,katangli,92,RU,1554164265,94,51.71,143.23,270.346,5.0,132.41444444444446
469,palembang,40,ID,1554161400,94,-2.99,104.76,298.15,1.85,147.86111111111111
470,sidi ali,0,DZ,1554164266,93,36.1,0.42,281.696,1.2,138.72000000000003
471,minab,24,IR,1554159600,73,27.15,57.07,296.15,0.85,146.75
472,nizwa,24,OM,1554164031,43,22.93,57.53,289.096,0.65,142.8311111111111
473,dongsheng,100,CN,1554164267,100,29.72,112.52,284.496,2.0,140.27555555555554
474,murgab,90,TM,1554159600,76,37.5,61.97,286.15,4.1,141.19444444444443
475,omboue,24,GA,1554164267,99,-1.57,9.26,302.246,5.0,150.13666666666666
476,chumikan,0,RU,1554164268,59,54.72,135.31,270.046,3.3,132.24777777777777
477,tamandare,0,BR,1554164132,77,-8.28,-70.75,301.096,1.65,149.4977777777778
478,manokwari,24,ID,1554164125,98,-0.87,134.08,300.996,5.25,149.44222222222223
479,hervey bay,68,AU,1554159600,57,-25.3,152.85,298.15,5.7,147.86111111111111
480,maurepas,0,FR,1554164225,62,48.76,1.95,288.71,1.0,142.61666666666667
481,moindou,75,NC,1554161400,58,-21.69,165.68,302.15,2.1,150.08333333333331
482,samarai,92,PG,1554164163,100,-10.62,150.67,298.646,9.0,148.13666666666668
483,coquimbo,90,CL,1554159600,87,-29.95,-71.34,288.15,3.55,142.30555555555554
484,belaya gora,24,RU,1554164100,85,68.54,146.19,260.446,3.4,126.91444444444447
485,dickinson,90,US,1554164132,36,46.88,-102.79,280.15,5.7,137.86111111111111
486,inndyr,75,NO,1554164266,86,67.03,14.03,278.15,11.8,136.75
487,kargasok,88,RU,1554164270,79,59.06,80.87,274.446,5.15,134.69222222222226
488,alekseyevsk,44,RU,1554164271,78,57.84,108.35,272.346,4.1,133.52555555555557
489,san buenaventura,75,MX,1554164105,48,27.06,-101.55,291.48,3.1,144.15555555555557
490,haines junction,0,CA,1554164272,39,60.75,-137.51,282.246,1.25,139.02555555555554
491,gorontalo,0,ID,1554164272,82,0.54,123.06,298.796,1.05,148.22
492,la ronge,75,CA,1554159600,54,55.1,-105.3,273.15,9.3,133.97222222222223
493,port blair,48,IN,1554164272,100,11.67,92.75,301.596,2.5,149.77555555555557
494,kyren,24,RU,1554164080,74,51.68,102.13,265.746,0.85,129.85888888888888
495,ishimbay,92,RU,1554164273,95,53.45,56.04,273.646,2.45,134.2477777777778
496,tuxpan,5,MX,1554162540,44,19.56,-103.38,299.15,7.7,148.41666666666666
497,itarema,36,BR,1554164143,96,-2.92,-39.92,298.296,1.5,147.94222222222223
498,kadan,0,NG,1554164274,71,9.17,6.42,298.846,1.15,148.2477777777778
499,maningrida,76,AU,1554164274,94,-12.05,134.23,300.246,4.8,149.02555555555554
500,shenjiamen,36,CN,1554164274,86,29.96,122.3,285.796,5.7,140.99777777777777
501,fereydun kenar,0,IR,1554164275,100,36.69,52.52,278.946,0.4,137.19222222222226
502,abdanan,80,IR,1554164275,97,32.99,47.42,280.796,0.7,138.22
503,mecca,0,SA,1554164063,55,21.43,39.83,283.596,1.4,139.77555555555557
504,port-gentil,20,GA,1554159600,83,-0.72,8.78,302.15,4.1,150.08333333333331
505,north bend,90,US,1554164124,100,43.41,-124.22,285.93,3.6,141.07222222222222
506,iskateley,88,RU,1554164276,88,67.68,53.15,270.146,10.25,132.30333333333334
507,snezhnogorsk,0,RU,1554161400,54,69.19,33.23,271.15,2.0,132.86111111111111
508,mitchell,90,US,1554164105,85,43.71,-98.03,273.15,4.6,133.97222222222223
509,banjar,92,ID,1554164277,99,-7.37,108.54,295.246,1.5,146.24777777777777
510,krasnoarmeyskiy,100,RU,1554164117,84,46.12,40.39,280.37,3.85,137.98333333333335
511,baoding,32,CN,1554164278,51,38.86,115.49,279.696,1.05,137.6088888888889
512,lacolle,1,CA,1554164220,57,45.08,-73.37,275.15,3.15,135.08333333333331
513,port-cartier,75,CA,1554164184,38,50.03,-66.88,270.15,11.8,132.30555555555554
514,virginia beach,20,US,1554164003,55,36.85,-75.98,280.93,3.1,138.29444444444445
515,harnosand,36,SE,1554164118,92,62.63,17.94,274.26,1.0,134.5888888888889
516,burns lake,0,CA,1554164279,49,54.23,-125.76,281.596,1.4,138.66444444444446
517,lalganj,0,IN,1554161400,68,26.17,80.97,292.15,1.0,144.52777777777777
518,shelburne,40,CA,1554164214,55,44.08,-80.2,274.26,4.1,134.5888888888889
519,bureya,0,RU,1554164280,47,49.81,129.81,271.546,2.6,133.0811111111111
520,itaituba,12,BR,1554164280,87,-4.26,-55.99,299.546,1.15,148.63666666666666
521,road town,40,VG,1554163932,69,18.42,-64.62,300.15,2.6,148.97222222222223
522,porto velho,20,BR,1554159600,70,-8.75,-63.87,302.15,1.0,150.08333333333331
523,jepara,36,ID,1554164281,98,-5.21,105.74,297.596,2.3,147.55333333333334
524,severo-kurilsk,80,RU,1554164282,98,50.68,156.12,272.346,3.75,133.52555555555557
525,maracacume,92,BR,1554164209,96,-2.04,-45.96,297.346,1.85,147.41444444444446
526,sadiqabad,0,PK,1554164282,40,28.31,70.13,294.096,1.2,145.60888888888888
527,jerome,1,US,1554163880,11,34.75,-112.11,293.15,3.1,145.08333333333331
528,omihachiman,88,JP,1554164041,74,35.15,136.07,281.48,3.13,138.60000000000002
529,payo,64,ID,1554164283,96,-3.75,103.64,295.946,1.65,146.63666666666668
530,tura,20,IN,1554164283,95,25.52,90.21,289.846,1.9,143.2477777777778
531,oakley,40,US,1554164190,68,38.0,-121.71,291.48,2.1,144.15555555555557
532,kirensk,44,RU,1554164284,72,57.78,108.12,272.446,3.8,133.58111111111114
533,melo,12,UY,1554164284,77,-32.37,-54.17,294.346,4.6,145.7477777777778
534,vanimo,56,PG,1554164133,97,-2.67,141.3,301.946,6.75,149.97000000000003
535,horasan,92,TR,1554164285,85,40.04,42.16,269.646,1.1,132.02555555555557
536,oksfjord,88,NO,1554163807,100,70.24,22.35,273.15,5.7,133.97222222222223
537,kanniyakumari,12,IN,1554164285,100,8.08,77.57,302.196,3.85,150.1088888888889
538,jalu,0,LY,1554164286,47,29.03,21.55,286.946,4.55,141.63666666666668
539,shar,8,NG,1554164286,62,7.3,8.73,302.096,5.0,150.05333333333334
540,takhtamygda,0,RU,1554164286,52,54.1,123.57,268.796,1.5,131.55333333333334
541,jacqueville,20,CI,1554161400,83,5.21,-4.42,302.15,3.6,150.08333333333331
542,naifaru,0,MV,1554164287,100,5.44,73.37,301.496,0.95,149.72
543,tateyama,40,JP,1554164282,91,36.66,137.31,279.26,1.5,137.36666666666667
544,puerto carreno,40,CO,1554159600,47,6.19,-67.49,308.15,1.1,153.41666666666666
545,apastovo,75,RU,1554161400,74,55.2,48.51,274.15,3.0,134.52777777777777
546,bartica,0,GY,1554159600,78,6.41,-58.62,299.15,4.1,148.41666666666666
547,trelew,64,AR,1554164289,36,-43.25,-65.31,294.846,2.05,146.02555555555557
548,poli,0,CM,1554164289,44,8.48,13.24,294.846,1.7,146.02555555555557
549,benicarlo,12,ES,1554163812,78,40.42,0.43,280.93,0.45,138.29444444444445
550,kapasan,0,IN,1554164290,43,24.95,74.23,290.196,1.25,143.44222222222226
551,ustka,0,PL,1554164290,82,54.58,16.86,275.896,5.3,135.4977777777778
552,meulaboh,76,ID,1554164085,100,4.14,96.13,298.496,2.3,148.05333333333334
553,dingle,36,PH,1554164098,80,11.0,122.67,298.646,5.45,148.13666666666668
554,margate,75,AU,1554164115,62,-43.03,147.26,289.26,4.6,142.92222222222222
555,kisangani,88,CD,1554164291,89,0.52,25.21,297.946,1.6,147.7477777777778
556,palmer,0,AU,1554163987,45,-34.85,139.16,295.93,3.6,146.6277777777778
557,amga,32,RU,1554164291,72,60.89,131.98,267.196,1.65,130.66444444444446
558,jagdalpur,0,IN,1554164291,81,19.09,82.02,292.446,3.0,144.69222222222226
559,ankazoabo,0,MG,1554164292,85,-22.29,44.51,288.146,1.5,142.30333333333334
560,general roca,0,AR,1554159600,53,-39.03,-67.58,297.15,2.85,147.30555555555554
561,kidal,0,ML,1554164292,29,18.44,1.41,299.546,4.5,148.63666666666666
562,lac du bonnet,36,CA,1554164125,55,50.25,-96.06,278.71,5.36,137.0611111111111
563,kapit,88,MY,1554164293,95,2.02,112.94,296.696,1.2,147.05333333333334
564,bundaberg,44,AU,1554159600,57,-24.87,152.35,298.15,5.7,147.86111111111111
565,hearst,88,CA,1554164294,69,49.69,-83.67,272.696,2.55,133.72000000000003
566,tres picos,12,MX,1554164294,47,16.23,-93.58,299.896,2.1,148.8311111111111
567,pitimbu,75,BR,1554159600,88,-7.47,-34.81,299.15,1.0,148.41666666666666
568,umm lajj,0,SA,1554164109,100,25.02,37.27,285.946,1.85,141.08111111111114
569,gushikawa,20,JP,1554163946,42,26.35,127.87,291.15,4.1,143.97222222222223
570,aasiaat,0,GL,1554164295,89,68.71,-52.87,264.796,8.7,129.3311111111111
571,birjand,75,IR,1554159600,38,32.86,59.22,292.15,4.1,144.52777777777777
572,niteroi,0,BR,1554163934,88,-29.95,-51.16,297.15,4.6,147.30555555555554
573,puerto leguizamo,36,CO,1554164296,71,-0.19,-74.78,302.246,1.3,150.13666666666666
